{
  "mode": "infer",
  "rows": [
    {
      "components": {
        "adjustment": -0.019052529769719613,
        "best_ask": 0.27,
        "best_bid": 0.25,
        "bid_ask_pressure": -0.01,
        "hours_to_end": 6739.487396193611,
        "last_trade": 0.25,
        "liquidity": 82194.7737,
        "liquidity_score": 0.821947737,
        "micro_signal": -0.010000000000000009,
        "quality_nudge": 0.000947470230280396,
        "spread_penalty": 0.6666666666666673,
        "tail_reversion": 0.0,
        "time_score": 0.4,
        "volume": 1383066.0685669996,
        "volume_score": 0.5532264274267998
      },
      "decision": "REJECT",
      "disagreement": 0.492273876703176,
      "edge_abs": 0.019052529769719606,
      "edge_vs_market": -0.019052529769719606,
      "llm_confidence": 0.507726123296824,
      "llm_rationale": "",
      "llm_used": false,
      "p_yes_market": 0.26,
      "p_yes_model": 0.2409474702302804,
      "pricing_source": "mid",
      "question": "US recession by end of 2026?",
      "reason": "max_disagree",
      "side": "NO",
      "slug": "us-recession-by-end-of-2026",
      "spread": 0.020000000000000018
    },
    {
      "components": {
        "adjustment": 0.019789104881415987,
        "best_ask": 0.15,
        "best_bid": 0.12,
        "bid_ask_pressure": 0.01,
        "hours_to_end": 5995.487357750278,
        "last_trade": 0.15,
        "liquidity": 16645.5405,
        "liquidity_score": 0.166455405,
        "micro_signal": 0.014999999999999986,
        "quality_nudge": -0.005210895118584,
        "spread_penalty": 1.0,
        "tail_reversion": 0.0,
        "time_score": 0.4,
        "volume": 102736.05118000002,
        "volume_score": 0.04109442047200001
      },
      "decision": "REJECT",
      "disagreement": 0.82799549091504,
      "edge_abs": 0.019789104881415998,
      "edge_vs_market": 0.019789104881415998,
      "llm_confidence": 0.17200450908496,
      "llm_rationale": "",
      "llm_used": false,
      "p_yes_market": 0.135,
      "p_yes_model": 0.154789104881416,
      "pricing_source": "mid",
      "question": "Fed emergency rate cut before 2027?",
      "reason": "max_disagree",
      "side": "YES",
      "slug": "fed-emergency-rate-cut-before-2027",
      "spread": 0.03
    },
    {
      "components": {
        "adjustment": 0.0085388570716,
        "best_ask": 0.413,
        "best_bid": 0.41,
        "bid_ask_pressure": 0.0015000000000000013,
        "hours_to_end": 5995.4873075216665,
        "last_trade": 0.413,
        "liquidity": 78471.42679,
        "liquidity_score": 0.7847142679,
        "micro_signal": 0.0015000000000000013,
        "quality_nudge": 0.005538857071599999,
        "spread_penalty": 0.10000000000000009,
        "tail_reversion": 0.0,
        "time_score": 0.4,
        "volume": 3453270.073063015,
        "volume_score": 1.0
      },
      "decision": "REJECT",
      "disagreement": 0.3202800049879999,
      "edge_abs": 0.008538857071600015,
      "edge_vs_market": 0.008538857071600015,
      "llm_confidence": 0.6797199950120001,
      "llm_rationale": "",
      "llm_used": false,
      "p_yes_market": 0.4115,
      "p_yes_model": 0.4200388570716,
      "pricing_source": "mid",
      "question": "Will no Fed rate cuts happen in 2026?",
      "reason": "min_edge_abs",
      "side": "YES",
      "slug": "will-no-fed-rate-cuts-happen-in-2026",
      "spread": 0.0030000000000000027
    },
    {
      "components": {
        "adjustment": 0.013209039767406713,
        "best_ask": 0.29,
        "best_bid": 0.28,
        "bid_ask_pressure": 0.004999999999999949,
        "hours_to_end": 5995.487284266112,
        "last_trade": 0.29,
        "liquidity": 97404.7221,
        "liquidity_score": 0.974047221,
        "micro_signal": 0.004999999999999949,
        "quality_nudge": 0.003209039767406815,
        "spread_penalty": 0.3333333333333318,
        "tail_reversion": 0.0,
        "time_score": 0.4,
        "volume": 1094042.4028390048,
        "volume_score": 0.4376169611356019
      },
      "decision": "REJECT",
      "disagreement": 0.4104957251155913,
      "edge_abs": 0.013209039767406727,
      "edge_vs_market": 0.013209039767406727,
      "llm_confidence": 0.5895042748844087,
      "llm_rationale": "",
      "llm_used": false,
      "p_yes_market": 0.28500000000000003,
      "p_yes_model": 0.29820903976740676,
      "pricing_source": "mid",
      "question": "Will 1 Fed rate cut happen in 2026?",
      "reason": "min_edge_abs",
      "side": "YES",
      "slug": "will-1-fed-rate-cut-happen-in-2026",
      "spread": 0.009999999999999953
    },
    {
      "components": {
        "adjustment": 0.013271333972092804,
        "best_ask": 0.17,
        "best_bid": 0.16,
        "bid_ask_pressure": 0.0050000000000000044,
        "hours_to_end": 5995.487259517778,
        "last_trade": 0.17,
        "liquidity": 111537.0072,
        "liquidity_score": 1.0,
        "micro_signal": 0.0050000000000000044,
        "quality_nudge": 0.0032713339720927947,
        "spread_penalty": 0.33333333333333365,
        "tail_reversion": 0.0,
        "time_score": 0.4,
        "volume": 1059444.9767439968,
        "volume_score": 0.42377799069759875
      },
      "decision": "REJECT",
      "disagreement": 0.40571996167443225,
      "edge_abs": 0.013271333972092791,
      "edge_vs_market": 0.013271333972092791,
      "llm_confidence": 0.5942800383255677,
      "llm_rationale": "",
      "llm_used": false,
      "p_yes_market": 0.165,
      "p_yes_model": 0.1782713339720928,
      "pricing_source": "mid",
      "question": "Will 2 Fed rate cuts happen in 2026?",
      "reason": "min_edge_abs",
      "side": "YES",
      "slug": "will-2-fed-rate-cuts-happen-in-2026",
      "spread": 0.010000000000000009
    }
  ],
  "settings": {
    "batch": 5,
    "cooldown": 43,
    "max_disagree": 0.45,
    "min_edge_abs": 0.05,
    "min_edge_vs_market": 0.05,
    "paper_size": 100.0
  },
  "source": "polymarket",
  "summary": {
    "evaluated": 5,
    "passed": 0,
    "rejected": {
      "closed_market": 0,
      "fetch_failed": 0,
      "inactive_market": 0,
      "low_liquidity": 0,
      "low_volume": 0,
      "max_disagree": 2,
      "min_edge_abs": 3,
      "min_edge_vs_market": 0,
      "wide_spread": 0
    }
  },
  "ts_utc": "2026-04-25T04:30:45.865951+00:00"
}