{
  "mode": "infer",
  "rows": [
    {
      "components": {
        "adjustment": 0.026570101597981215,
        "best_ask": 0.88,
        "best_bid": 0.86,
        "bid_ask_pressure": 0.01,
        "hours_to_end": 5519.661192997778,
        "last_trade": 0.89,
        "liquidity": 13306.4365,
        "liquidity_score": 0.133064365,
        "micro_signal": 0.020000000000000018,
        "quality_nudge": -0.0034298984020188035,
        "spread_penalty": 0.6666666666666673,
        "tail_reversion": 0.0,
        "time_score": 0.4,
        "volume": 31536.781650999987,
        "volume_score": 0.012614712660399995
      },
      "decision": "REJECT",
      "disagreement": 0.7824713295211281,
      "edge_abs": 0.026570101597981233,
      "edge_vs_market": 0.026570101597981233,
      "llm_confidence": 0.21752867047887192,
      "llm_rationale": "",
      "llm_used": false,
      "p_yes_market": 0.87,
      "p_yes_model": 0.8965701015979812,
      "pricing_source": "mid",
      "question": "Blue wave in 2026?",
      "reason": "max_disagree",
      "side": "YES",
      "slug": "blue-wave-in-2026",
      "spread": 0.020000000000000018
    },
    {
      "components": {
        "adjustment": 0.02774120338836681,
        "best_ask": 0.31,
        "best_bid": 0.3,
        "bid_ask_pressure": 0.01,
        "hours_to_end": 7007.661164917223,
        "last_trade": 0.32,
        "liquidity": 79915.4007,
        "liquidity_score": 0.7991540069999999,
        "micro_signal": 0.015000000000000013,
        "quality_nudge": 0.0027412033883667947,
        "spread_penalty": 0.33333333333333365,
        "tail_reversion": 0.0,
        "time_score": 0.4,
        "volume": 1287156.1336389969,
        "volume_score": 0.5148624534555988
      },
      "decision": "REJECT",
      "disagreement": 0.4455616364179922,
      "edge_abs": 0.02774120338836683,
      "edge_vs_market": 0.02774120338836683,
      "llm_confidence": 0.5544383635820078,
      "llm_rationale": "",
      "llm_used": false,
      "p_yes_market": 0.305,
      "p_yes_model": 0.3327412033883668,
      "pricing_source": "mid",
      "question": "US recession by end of 2026?",
      "reason": "min_edge_abs",
      "side": "YES",
      "slug": "us-recession-by-end-of-2026",
      "spread": 0.010000000000000009
    },
    {
      "components": {},
      "decision": "REJECT",
      "disagreement": 1.0,
      "edge_abs": 0.38,
      "edge_vs_market": 0.0,
      "p_yes_market": 0.12000000000000001,
      "p_yes_model": 0.12000000000000001,
      "pricing_source": "mid",
      "question": "Fed emergency rate cut before 2027?",
      "reason": "wide_spread",
      "side": "NO",
      "slug": "fed-emergency-rate-cut-before-2027",
      "spread": 0.04000000000000001
    },
    {
      "components": {
        "adjustment": 0.0057071335816,
        "best_ask": 0.417,
        "best_bid": 0.415,
        "bid_ask_pressure": 0.0,
        "hours_to_end": 6263.6610824555555,
        "last_trade": 0.416,
        "liquidity": 77678.33954,
        "liquidity_score": 0.7767833954,
        "micro_signal": 0.0,
        "quality_nudge": 0.0057071335816,
        "spread_penalty": 0.06666666666666674,
        "tail_reversion": 0.0,
        "time_score": 0.4,
        "volume": 3149250.427940011,
        "volume_score": 1.0
      },
      "decision": "REJECT",
      "disagreement": 0.31650064928800004,
      "edge_abs": 0.005707133581600021,
      "edge_vs_market": 0.005707133581600021,
      "llm_confidence": 0.683499350712,
      "llm_rationale": "",
      "llm_used": false,
      "p_yes_market": 0.416,
      "p_yes_model": 0.4217071335816,
      "pricing_source": "mid",
      "question": "Will no Fed rate cuts happen in 2026?",
      "reason": "min_edge_abs",
      "side": "YES",
      "slug": "will-no-fed-rate-cuts-happen-in-2026",
      "spread": 0.0020000000000000018
    }
  ],
  "settings": {
    "batch": 5,
    "cooldown": 43,
    "max_disagree": 0.45,
    "min_edge_abs": 0.05,
    "min_edge_vs_market": 0.05,
    "paper_size": 100.0
  },
  "source": "polymarket",
  "summary": {
    "evaluated": 4,
    "passed": 0,
    "rejected": {
      "closed_market": 0,
      "fetch_failed": 0,
      "inactive_market": 0,
      "low_liquidity": 0,
      "low_volume": 0,
      "max_disagree": 1,
      "min_edge_abs": 2,
      "min_edge_vs_market": 0,
      "wide_spread": 1
    }
  },
  "ts_utc": "2026-04-14T00:20:20.103260+00:00"
}