{
  "mode": "infer",
  "rows": [
    {
      "components": {
        "adjustment": 0.002189311819499597,
        "best_ask": 0.012,
        "best_bid": 0.011,
        "bid_ask_pressure": -0.0014999999999999996,
        "hours_to_end": 5983.477027294723,
        "last_trade": 0.01,
        "liquidity": 127355.89169,
        "liquidity_score": 1.0,
        "micro_signal": -0.0014999999999999996,
        "quality_nudge": 0.005189311819499596,
        "spread_penalty": 0.03333333333333337,
        "tail_reversion": 0.0,
        "time_score": 0.4,
        "volume": 1157759.8495829972,
        "volume_score": 0.46310393983319886
      },
      "decision": "REJECT",
      "disagreement": 0.34464129083002415,
      "edge_abs": 0.002189311819499596,
      "edge_vs_market": 0.002189311819499596,
      "llm_confidence": 0.6553587091699759,
      "llm_rationale": "",
      "llm_used": false,
      "p_yes_market": 0.0115,
      "p_yes_model": 0.013689311819499596,
      "pricing_source": "mid",
      "question": "Will 5 Fed rate cuts happen in 2026?",
      "reason": "min_edge_abs",
      "side": "YES",
      "slug": "will-5-fed-rate-cuts-happen-in-2026",
      "spread": 0.0010000000000000009
    },
    {
      "components": {},
      "decision": "REJECT",
      "disagreement": 1.0,
      "edge_abs": 0.07499999999999996,
      "edge_vs_market": 0.0,
      "p_yes_market": 0.42500000000000004,
      "p_yes_model": 0.42500000000000004,
      "pricing_source": "mid",
      "question": "Ethereum flipped in 2026?",
      "reason": "wide_spread",
      "side": "NO",
      "slug": "eth-flipped-in-2026",
      "spread": 0.04999999999999999
    },
    {
      "components": {
        "adjustment": 0.0002999999999999999,
        "best_ask": 0.003,
        "best_bid": 0.002,
        "bid_ask_pressure": 0.0005,
        "hours_to_end": 3871.4768567805554,
        "last_trade": 0.003,
        "liquidity": 403236.91257,
        "liquidity_score": 1.0,
        "micro_signal": -0.007,
        "quality_nudge": 0.0068000000000000005,
        "spread_penalty": 0.03333333333333333,
        "tail_reversion": 0.0,
        "time_score": 0.4,
        "volume": 8364253.437658991,
        "volume_score": 1.0
      },
      "decision": "REJECT",
      "disagreement": 0.248,
      "edge_abs": 0.0002999999999999999,
      "edge_vs_market": 0.0002999999999999999,
      "llm_confidence": 0.752,
      "llm_rationale": "",
      "llm_used": false,
      "p_yes_market": 0.01,
      "p_yes_model": 0.0103,
      "pricing_source": "mid",
      "question": "Will Tarcisio de Freitas win the 2026 Brazilian presidential election?",
      "reason": "min_edge_abs",
      "side": "YES",
      "slug": "will-tarcisio-de-frietas-win-the-2026-brazilian-presidential-election",
      "spread": 0.001
    }
  ],
  "settings": {
    "batch": 5,
    "cooldown": 43,
    "max_disagree": 0.45,
    "min_edge_abs": 0.05,
    "min_edge_vs_market": 0.05,
    "paper_size": 100.0
  },
  "source": "polymarket",
  "summary": {
    "evaluated": 3,
    "passed": 0,
    "rejected": {
      "closed_market": 0,
      "fetch_failed": 0,
      "inactive_market": 0,
      "low_liquidity": 0,
      "low_volume": 0,
      "max_disagree": 0,
      "min_edge_abs": 2,
      "min_edge_vs_market": 0,
      "wide_spread": 1
    }
  },
  "ts_utc": "2026-04-25T16:31:23.315812+00:00"
}