{
  "mode": "infer",
  "rows": [
    {
      "components": {
        "adjustment": -0.006849078316417979,
        "best_ask": 0.09,
        "best_bid": 0.08,
        "bid_ask_pressure": -0.0049999999999999906,
        "hours_to_end": 6043.518718046667,
        "last_trade": 0.08,
        "liquidity": 120254.3551,
        "liquidity_score": 1.0,
        "micro_signal": -0.0049999999999999906,
        "quality_nudge": 0.003150921683582002,
        "spread_penalty": 0.3333333333333332,
        "tail_reversion": 0.0,
        "time_score": 0.4,
        "volume": 959101.4029850006,
        "volume_score": 0.38364056119400025
      },
      "decision": "REJECT",
      "disagreement": 0.4129446989850798,
      "edge_abs": 0.006849078316417984,
      "edge_vs_market": -0.006849078316417984,
      "llm_confidence": 0.5870553010149202,
      "llm_rationale": "",
      "llm_used": false,
      "p_yes_market": 0.08499999999999999,
      "p_yes_model": 0.07815092168358201,
      "pricing_source": "mid",
      "question": "Will 3 Fed rate cuts happen in 2026?",
      "reason": "min_edge_abs",
      "side": "NO",
      "slug": "will-3-fed-rate-cuts-happen-in-2026",
      "spread": 0.009999999999999995
    },
    {
      "components": {
        "adjustment": 0.004156622007338795,
        "best_ask": 0.013,
        "best_bid": 0.012,
        "bid_ask_pressure": -0.0005000000000000004,
        "hours_to_end": 6043.518666686944,
        "last_trade": 0.012,
        "liquidity": 126062.97786,
        "liquidity_score": 1.0,
        "micro_signal": -0.0005000000000000004,
        "quality_nudge": 0.005156622007338796,
        "spread_penalty": 0.033333333333333305,
        "tail_reversion": 0.0,
        "time_score": 0.4,
        "volume": 1130518.3394489964,
        "volume_score": 0.45220733577959854
      },
      "decision": "REJECT",
      "disagreement": 0.34660267955967217,
      "edge_abs": 0.004156622007338795,
      "edge_vs_market": 0.004156622007338795,
      "llm_confidence": 0.6533973204403278,
      "llm_rationale": "",
      "llm_used": false,
      "p_yes_market": 0.0125,
      "p_yes_model": 0.016656622007338796,
      "pricing_source": "mid",
      "question": "Will 5 Fed rate cuts happen in 2026?",
      "reason": "min_edge_abs",
      "side": "YES",
      "slug": "will-5-fed-rate-cuts-happen-in-2026",
      "spread": 0.0009999999999999992
    },
    {
      "components": {},
      "decision": "REJECT",
      "disagreement": 1.0,
      "edge_abs": 0.07500000000000001,
      "edge_vs_market": 0.0,
      "p_yes_market": 0.425,
      "p_yes_model": 0.425,
      "pricing_source": "mid",
      "question": "Ethereum flipped in 2026?",
      "reason": "wide_spread",
      "side": "NO",
      "slug": "eth-flipped-in-2026",
      "spread": 0.030000000000000027
    }
  ],
  "settings": {
    "batch": 5,
    "cooldown": 43,
    "max_disagree": 0.45,
    "min_edge_abs": 0.05,
    "min_edge_vs_market": 0.05,
    "paper_size": 100.0
  },
  "source": "polymarket",
  "summary": {
    "evaluated": 3,
    "passed": 0,
    "rejected": {
      "closed_market": 0,
      "fetch_failed": 0,
      "inactive_market": 0,
      "low_liquidity": 0,
      "low_volume": 0,
      "max_disagree": 0,
      "min_edge_abs": 2,
      "min_edge_vs_market": 0,
      "wide_spread": 1
    }
  },
  "ts_utc": "2026-04-23T04:28:52.982278+00:00"
}