{
  "mode": "infer",
  "rows": [
    {
      "components": {
        "adjustment": 0.013145816390252384,
        "best_ask": 0.08,
        "best_bid": 0.07,
        "bid_ask_pressure": 0.0049999999999999906,
        "hours_to_end": 6055.525281047778,
        "last_trade": 0.08,
        "liquidity": 115068.0626,
        "liquidity_score": 1.0,
        "micro_signal": 0.0049999999999999906,
        "quality_nudge": 0.0031458163902524016,
        "spread_penalty": 0.3333333333333332,
        "tail_reversion": 0.0,
        "time_score": 0.4,
        "volume": 954846.9918770005,
        "volume_score": 0.3819387967508002
      },
      "decision": "REJECT",
      "disagreement": 0.41325101658485586,
      "edge_abs": 0.01314581639025239,
      "edge_vs_market": 0.01314581639025239,
      "llm_confidence": 0.5867489834151441,
      "llm_rationale": "",
      "llm_used": false,
      "p_yes_market": 0.07500000000000001,
      "p_yes_model": 0.0881458163902524,
      "pricing_source": "mid",
      "question": "Will 3 Fed rate cuts happen in 2026?",
      "reason": "min_edge_abs",
      "side": "YES",
      "slug": "will-3-fed-rate-cuts-happen-in-2026",
      "spread": 0.009999999999999995
    },
    {
      "components": {
        "adjustment": 0.004154873723324794,
        "best_ask": 0.014,
        "best_bid": 0.013,
        "bid_ask_pressure": -0.0005000000000000004,
        "hours_to_end": 6055.525223163056,
        "last_trade": 0.013,
        "liquidity": 110618.5564,
        "liquidity_score": 1.0,
        "micro_signal": -0.0005000000000000004,
        "quality_nudge": 0.005154873723324795,
        "spread_penalty": 0.03333333333333337,
        "tail_reversion": 0.0,
        "time_score": 0.4,
        "volume": 1129061.4361039964,
        "volume_score": 0.45162457444159854
      },
      "decision": "REJECT",
      "disagreement": 0.3467075766005122,
      "edge_abs": 0.004154873723324794,
      "edge_vs_market": 0.004154873723324794,
      "llm_confidence": 0.6532924233994878,
      "llm_rationale": "",
      "llm_used": false,
      "p_yes_market": 0.0135,
      "p_yes_model": 0.017654873723324794,
      "pricing_source": "mid",
      "question": "Will 5 Fed rate cuts happen in 2026?",
      "reason": "min_edge_abs",
      "side": "YES",
      "slug": "will-5-fed-rate-cuts-happen-in-2026",
      "spread": 0.0010000000000000009
    },
    {
      "components": {
        "adjustment": -0.025259919124450806,
        "best_ask": 0.41,
        "best_bid": 0.4,
        "bid_ask_pressure": -0.01,
        "hours_to_end": 6084.525129997778,
        "last_trade": 0.39,
        "liquidity": 29831.6958,
        "liquidity_score": 0.298316958,
        "micro_signal": -0.015000000000000013,
        "quality_nudge": -0.00025991912445078947,
        "spread_penalty": 0.3333333333333318,
        "tail_reversion": 0.0,
        "time_score": 0.4,
        "volume": 455677.53629100096,
        "volume_score": 0.18227101451640038
      },
      "decision": "REJECT",
      "disagreement": 0.6456624691470476,
      "edge_abs": 0.025259919124450803,
      "edge_vs_market": -0.025259919124450803,
      "llm_confidence": 0.35433753085295233,
      "llm_rationale": "",
      "llm_used": false,
      "p_yes_market": 0.405,
      "p_yes_model": 0.3797400808755492,
      "pricing_source": "mid",
      "question": "Ethereum flipped in 2026?",
      "reason": "max_disagree",
      "side": "NO",
      "slug": "eth-flipped-in-2026",
      "spread": 0.009999999999999953
    }
  ],
  "settings": {
    "batch": 5,
    "cooldown": 43,
    "max_disagree": 0.45,
    "min_edge_abs": 0.05,
    "min_edge_vs_market": 0.05,
    "paper_size": 100.0
  },
  "source": "polymarket",
  "summary": {
    "evaluated": 3,
    "passed": 0,
    "rejected": {
      "closed_market": 0,
      "fetch_failed": 0,
      "inactive_market": 0,
      "low_liquidity": 0,
      "low_volume": 0,
      "max_disagree": 1,
      "min_edge_abs": 2,
      "min_edge_vs_market": 0,
      "wide_spread": 0
    }
  },
  "ts_utc": "2026-04-22T16:28:29.532139+00:00"
}