{
  "mode": "infer",
  "rows": [
    {
      "components": {
        "adjustment": 0.016518743434836405,
        "best_ask": 0.89,
        "best_bid": 0.87,
        "bid_ask_pressure": 0.01,
        "hours_to_end": 5554.894111409167,
        "last_trade": 0.89,
        "liquidity": 12025.3695,
        "liquidity_score": 0.12025369500000001,
        "micro_signal": 0.010000000000000009,
        "quality_nudge": -0.0034812565651636037,
        "spread_penalty": 0.6666666666666673,
        "tail_reversion": 0.0,
        "time_score": 0.4,
        "volume": 31440.545696999987,
        "volume_score": 0.012576218278799995
      },
      "decision": "REJECT",
      "disagreement": 0.7860652461098161,
      "edge_abs": 0.01651874343483639,
      "edge_vs_market": 0.01651874343483639,
      "llm_confidence": 0.21393475389018385,
      "llm_rationale": "",
      "llm_used": false,
      "p_yes_market": 0.88,
      "p_yes_model": 0.8965187434348364,
      "pricing_source": "mid",
      "question": "Blue wave in 2026?",
      "reason": "max_disagree",
      "side": "YES",
      "slug": "blue-wave-in-2026",
      "spread": 0.020000000000000018
    },
    {
      "components": {
        "adjustment": 0.011604457698271502,
        "best_ask": 0.29,
        "best_bid": 0.28,
        "bid_ask_pressure": 0.004999999999999949,
        "hours_to_end": 7042.894082028056,
        "last_trade": 0.29,
        "liquidity": 51830.2169,
        "liquidity_score": 0.518302169,
        "micro_signal": 0.004999999999999949,
        "quality_nudge": 0.001604457698271603,
        "spread_penalty": 0.3333333333333318,
        "tail_reversion": 0.0,
        "time_score": 0.4,
        "volume": 1276040.8518929947,
        "volume_score": 0.5104163407571979
      },
      "decision": "REJECT",
      "disagreement": 0.5250004513437041,
      "edge_abs": 0.011604457698271509,
      "edge_vs_market": 0.011604457698271509,
      "llm_confidence": 0.4749995486562959,
      "llm_rationale": "",
      "llm_used": false,
      "p_yes_market": 0.28500000000000003,
      "p_yes_model": 0.29660445769827154,
      "pricing_source": "mid",
      "question": "US recession by end of 2026?",
      "reason": "max_disagree",
      "side": "YES",
      "slug": "us-recession-by-end-of-2026",
      "spread": 0.009999999999999953
    },
    {
      "components": {
        "adjustment": -0.0360138528435788,
        "best_ask": 0.13,
        "best_bid": 0.12,
        "bid_ask_pressure": -0.01,
        "hours_to_end": 6298.8940267200005,
        "last_trade": 0.08,
        "liquidity": 21711.0578,
        "liquidity_score": 0.217110578,
        "micro_signal": -0.025,
        "quality_nudge": -0.0010138528435788016,
        "spread_penalty": 0.33333333333333365,
        "tail_reversion": 0.0,
        "time_score": 0.4,
        "volume": 98087.37035100003,
        "volume_score": 0.03923494814040002
      },
      "decision": "REJECT",
      "disagreement": 0.694146747494728,
      "edge_abs": 0.0360138528435788,
      "edge_vs_market": -0.0360138528435788,
      "llm_confidence": 0.3058532525052719,
      "llm_rationale": "",
      "llm_used": false,
      "p_yes_market": 0.125,
      "p_yes_model": 0.0889861471564212,
      "pricing_source": "mid",
      "question": "Fed emergency rate cut before 2027?",
      "reason": "max_disagree",
      "side": "NO",
      "slug": "fed-emergency-rate-cut-before-2027",
      "spread": 0.010000000000000009
    },
    {
      "components": {
        "adjustment": 0.0014220038127999964,
        "best_ask": 0.397,
        "best_bid": 0.395,
        "bid_ask_pressure": -0.0020000000000000018,
        "hours_to_end": 6298.893997185278,
        "last_trade": 0.394,
        "liquidity": 70550.09532,
        "liquidity_score": 0.7055009532,
        "micro_signal": -0.0020000000000000018,
        "quality_nudge": 0.0054220038128,
        "spread_penalty": 0.06666666666666674,
        "tail_reversion": 0.0,
        "time_score": 0.4,
        "volume": 3102874.2351870122,
        "volume_score": 1.0
      },
      "decision": "REJECT",
      "disagreement": 0.336459733104,
      "edge_abs": 0.001422003812799999,
      "edge_vs_market": 0.001422003812799999,
      "llm_confidence": 0.663540266896,
      "llm_rationale": "",
      "llm_used": false,
      "p_yes_market": 0.396,
      "p_yes_model": 0.3974220038128,
      "pricing_source": "mid",
      "question": "Will no Fed rate cuts happen in 2026?",
      "reason": "min_edge_abs",
      "side": "YES",
      "slug": "will-no-fed-rate-cuts-happen-in-2026",
      "spread": 0.0020000000000000018
    },
    {
      "components": {
        "adjustment": -0.007902296755330407,
        "best_ask": 0.28,
        "best_bid": 0.27,
        "bid_ask_pressure": -0.0050000000000000044,
        "hours_to_end": 6298.893946180277,
        "last_trade": 0.27,
        "liquidity": 71773.2895,
        "liquidity_score": 0.717732895,
        "micro_signal": -0.0050000000000000044,
        "quality_nudge": 0.0020977032446696017,
        "spread_penalty": 0.33333333333333365,
        "tail_reversion": 0.0,
        "time_score": 0.4,
        "volume": 1022309.7205580026,
        "volume_score": 0.408923888223201
      },
      "decision": "REJECT",
      "disagreement": 0.48742848951982376,
      "edge_abs": 0.007902296755330385,
      "edge_vs_market": -0.007902296755330385,
      "llm_confidence": 0.5125715104801762,
      "llm_rationale": "",
      "llm_used": false,
      "p_yes_market": 0.275,
      "p_yes_model": 0.26709770324466964,
      "pricing_source": "mid",
      "question": "Will 1 Fed rate cut happen in 2026?",
      "reason": "max_disagree",
      "side": "NO",
      "slug": "will-1-fed-rate-cut-happen-in-2026",
      "spread": 0.010000000000000009
    }
  ],
  "settings": {
    "batch": 5,
    "cooldown": 43,
    "max_disagree": 0.45,
    "min_edge_abs": 0.05,
    "min_edge_vs_market": 0.05,
    "paper_size": 100.0
  },
  "source": "polymarket",
  "summary": {
    "evaluated": 5,
    "passed": 0,
    "rejected": {
      "closed_market": 0,
      "fetch_failed": 0,
      "inactive_market": 0,
      "low_liquidity": 0,
      "low_volume": 0,
      "max_disagree": 4,
      "min_edge_abs": 1,
      "min_edge_vs_market": 0,
      "wide_spread": 0
    }
  },
  "ts_utc": "2026-04-12T13:06:21.793905+00:00"
}