{
  "mode": "infer",
  "rows": [
    {
      "components": {
        "adjustment": 0.0015639131798415957,
        "best_ask": 0.28,
        "best_bid": 0.26,
        "bid_ask_pressure": 0.0,
        "hours_to_end": 6769.5062230769445,
        "last_trade": 0.27,
        "liquidity": 97722.212,
        "liquidity_score": 0.97722212,
        "micro_signal": 0.0,
        "quality_nudge": 0.0015639131798415957,
        "spread_penalty": 0.6666666666666673,
        "tail_reversion": 0.0,
        "time_score": 0.4,
        "volume": 1379187.2498679997,
        "volume_score": 0.5516748999471999
      },
      "decision": "REJECT",
      "disagreement": 0.44907632440950407,
      "edge_abs": 0.001563913179841614,
      "edge_vs_market": 0.001563913179841614,
      "llm_confidence": 0.5509236755904959,
      "llm_rationale": "",
      "llm_used": false,
      "p_yes_market": 0.27,
      "p_yes_model": 0.27156391317984163,
      "pricing_source": "mid",
      "question": "US recession by end of 2026?",
      "reason": "min_edge_abs",
      "side": "YES",
      "slug": "us-recession-by-end-of-2026",
      "spread": 0.020000000000000018
    },
    {
      "components": {
        "adjustment": -0.011145072714584005,
        "best_ask": 0.15,
        "best_bid": 0.14,
        "bid_ask_pressure": -0.0050000000000000044,
        "hours_to_end": 6025.506197539722,
        "last_trade": 0.14,
        "liquidity": 18294.3148,
        "liquidity_score": 0.182943148,
        "micro_signal": -0.0050000000000000044,
        "quality_nudge": -0.0011450727145839962,
        "spread_penalty": 0.3333333333333327,
        "tail_reversion": 0.0,
        "time_score": 0.4,
        "volume": 102628.91118000002,
        "volume_score": 0.04105156447200001
      },
      "decision": "REJECT",
      "disagreement": 0.7033866369550399,
      "edge_abs": 0.011145072714584009,
      "edge_vs_market": -0.011145072714584009,
      "llm_confidence": 0.2966133630449601,
      "llm_rationale": "",
      "llm_used": false,
      "p_yes_market": 0.14500000000000002,
      "p_yes_model": 0.133854927285416,
      "pricing_source": "mid",
      "question": "Fed emergency rate cut before 2027?",
      "reason": "max_disagree",
      "side": "NO",
      "slug": "fed-emergency-rate-cut-before-2027",
      "spread": 0.009999999999999981
    },
    {
      "components": {
        "adjustment": 0.0038261872235999988,
        "best_ask": 0.398,
        "best_bid": 0.396,
        "bid_ask_pressure": -0.0010000000000000009,
        "hours_to_end": 6025.506149326389,
        "last_trade": 0.396,
        "liquidity": 80654.68059,
        "liquidity_score": 0.8065468059,
        "micro_signal": -0.0010000000000000009,
        "quality_nudge": 0.0058261872236000005,
        "spread_penalty": 0.06666666666666674,
        "tail_reversion": 0.0,
        "time_score": 0.4,
        "volume": 3384825.096169016,
        "volume_score": 1.0
      },
      "decision": "REJECT",
      "disagreement": 0.30816689434799993,
      "edge_abs": 0.0038261872236000083,
      "edge_vs_market": 0.0038261872236000083,
      "llm_confidence": 0.6918331056520001,
      "llm_rationale": "",
      "llm_used": false,
      "p_yes_market": 0.397,
      "p_yes_model": 0.40082618722360003,
      "pricing_source": "mid",
      "question": "Will no Fed rate cuts happen in 2026?",
      "reason": "min_edge_abs",
      "side": "YES",
      "slug": "will-no-fed-rate-cuts-happen-in-2026",
      "spread": 0.0020000000000000018
    },
    {
      "components": {
        "adjustment": 0.012741764035858711,
        "best_ask": 0.29,
        "best_bid": 0.28,
        "bid_ask_pressure": 0.004999999999999949,
        "hours_to_end": 6025.506124068888,
        "last_trade": 0.29,
        "liquidity": 86179.0048,
        "liquidity_score": 0.8617900479999999,
        "micro_signal": 0.004999999999999949,
        "quality_nudge": 0.0027417640358588136,
        "spread_penalty": 0.3333333333333318,
        "tail_reversion": 0.0,
        "time_score": 0.4,
        "volume": 1078836.5365490045,
        "volume_score": 0.4315346146196018
      },
      "decision": "REJECT",
      "disagreement": 0.4430225559284714,
      "edge_abs": 0.012741764035858694,
      "edge_vs_market": 0.012741764035858694,
      "llm_confidence": 0.5569774440715286,
      "llm_rationale": "",
      "llm_used": false,
      "p_yes_market": 0.28500000000000003,
      "p_yes_model": 0.2977417640358587,
      "pricing_source": "mid",
      "question": "Will 1 Fed rate cut happen in 2026?",
      "reason": "min_edge_abs",
      "side": "YES",
      "slug": "will-1-fed-rate-cut-happen-in-2026",
      "spread": 0.009999999999999953
    },
    {
      "components": {
        "adjustment": -0.006741304410019154,
        "best_ask": 0.18,
        "best_bid": 0.17,
        "bid_ask_pressure": -0.004999999999999977,
        "hours_to_end": 6025.5060981766665,
        "last_trade": 0.17,
        "liquidity": 99922.7082,
        "liquidity_score": 0.999227082,
        "micro_signal": -0.004999999999999977,
        "quality_nudge": 0.0032586955899807997,
        "spread_penalty": 0.3333333333333327,
        "tail_reversion": 0.0,
        "time_score": 0.4,
        "volume": 1051489.3849839962,
        "volume_score": 0.42059575399359844
      },
      "decision": "REJECT",
      "disagreement": 0.4065091813211521,
      "edge_abs": 0.006741304410019161,
      "edge_vs_market": -0.006741304410019161,
      "llm_confidence": 0.5934908186788479,
      "llm_rationale": "",
      "llm_used": false,
      "p_yes_market": 0.175,
      "p_yes_model": 0.16825869558998083,
      "pricing_source": "mid",
      "question": "Will 2 Fed rate cuts happen in 2026?",
      "reason": "min_edge_abs",
      "side": "NO",
      "slug": "will-2-fed-rate-cuts-happen-in-2026",
      "spread": 0.009999999999999981
    }
  ],
  "settings": {
    "batch": 5,
    "cooldown": 43,
    "max_disagree": 0.45,
    "min_edge_abs": 0.05,
    "min_edge_vs_market": 0.05,
    "paper_size": 100.0
  },
  "source": "polymarket",
  "summary": {
    "evaluated": 5,
    "passed": 0,
    "rejected": {
      "closed_market": 0,
      "fetch_failed": 0,
      "inactive_market": 0,
      "low_liquidity": 0,
      "low_volume": 0,
      "max_disagree": 1,
      "min_edge_abs": 4,
      "min_edge_vs_market": 0,
      "wide_spread": 0
    }
  },
  "ts_utc": "2026-04-23T22:29:38.046658+00:00"
}