{
  "mode": "infer",
  "rows": [
    {
      "components": {
        "adjustment": 0.0011721174091956004,
        "best_ask": 0.08,
        "best_bid": 0.06,
        "bid_ask_pressure": 0.0,
        "hours_to_end": 5989.48444145611,
        "last_trade": 0.07,
        "liquidity": 119349.7056,
        "liquidity_score": 1.0,
        "micro_signal": 0.0,
        "quality_nudge": 0.0011721174091956004,
        "spread_penalty": 0.6666666666666669,
        "tail_reversion": 0.0,
        "time_score": 0.4,
        "volume": 976764.5076630006,
        "volume_score": 0.39070580306520025
      },
      "decision": "REJECT",
      "disagreement": 0.47167295544826393,
      "edge_abs": 0.0011721174091955944,
      "edge_vs_market": 0.0011721174091955944,
      "llm_confidence": 0.5283270445517361,
      "llm_rationale": "",
      "llm_used": false,
      "p_yes_market": 0.07,
      "p_yes_model": 0.0711721174091956,
      "pricing_source": "mid",
      "question": "Will 3 Fed rate cuts happen in 2026?",
      "reason": "max_disagree",
      "side": "YES",
      "slug": "will-3-fed-rate-cuts-happen-in-2026",
      "spread": 0.020000000000000004
    },
    {
      "components": {
        "adjustment": 0.0029874390544911986,
        "best_ask": 0.012,
        "best_bid": 0.01,
        "bid_ask_pressure": -0.0009999999999999992,
        "hours_to_end": 5989.484392550278,
        "last_trade": 0.01,
        "liquidity": 137866.08175,
        "liquidity_score": 1.0,
        "micro_signal": -0.0009999999999999992,
        "quality_nudge": 0.004987439054491197,
        "spread_penalty": 0.06666666666666667,
        "tail_reversion": 0.0,
        "time_score": 0.4,
        "volume": 1156199.2120759974,
        "volume_score": 0.462479684830399
      },
      "decision": "REJECT",
      "disagreement": 0.35075365673052816,
      "edge_abs": 0.0029874390544911977,
      "edge_vs_market": 0.0029874390544911977,
      "llm_confidence": 0.6492463432694718,
      "llm_rationale": "",
      "llm_used": false,
      "p_yes_market": 0.011,
      "p_yes_model": 0.013987439054491197,
      "pricing_source": "mid",
      "question": "Will 5 Fed rate cuts happen in 2026?",
      "reason": "min_edge_abs",
      "side": "YES",
      "slug": "will-5-fed-rate-cuts-happen-in-2026",
      "spread": 0.002
    },
    {
      "components": {
        "adjustment": -0.01029414647593401,
        "best_ask": 0.4,
        "best_bid": 0.39,
        "bid_ask_pressure": -0.0050000000000000044,
        "hours_to_end": 6018.4843606722225,
        "last_trade": 0.39,
        "liquidity": 28964.8624,
        "liquidity_score": 0.289648624,
        "micro_signal": -0.0050000000000000044,
        "quality_nudge": -0.00029414647593400045,
        "spread_penalty": 0.33333333333333365,
        "tail_reversion": 0.0,
        "time_score": 0.4,
        "volume": 456049.19005500094,
        "volume_score": 0.18241967602200038
      },
      "decision": "REJECT",
      "disagreement": 0.64806284359604,
      "edge_abs": 0.010294146475934018,
      "edge_vs_market": -0.010294146475934018,
      "llm_confidence": 0.35193715640396,
      "llm_rationale": "",
      "llm_used": false,
      "p_yes_market": 0.395,
      "p_yes_model": 0.384705853524066,
      "pricing_source": "mid",
      "question": "Ethereum flipped in 2026?",
      "reason": "max_disagree",
      "side": "NO",
      "slug": "eth-flipped-in-2026",
      "spread": 0.010000000000000009
    }
  ],
  "settings": {
    "batch": 5,
    "cooldown": 43,
    "max_disagree": 0.45,
    "min_edge_abs": 0.05,
    "min_edge_vs_market": 0.05,
    "paper_size": 100.0
  },
  "source": "polymarket",
  "summary": {
    "evaluated": 3,
    "passed": 0,
    "rejected": {
      "closed_market": 0,
      "fetch_failed": 0,
      "inactive_market": 0,
      "low_liquidity": 0,
      "low_volume": 0,
      "max_disagree": 2,
      "min_edge_abs": 1,
      "min_edge_vs_market": 0,
      "wide_spread": 0
    }
  },
  "ts_utc": "2026-04-25T10:30:56.301824+00:00"
}