{
  "mode": "infer",
  "rows": [
    {
      "components": {
        "adjustment": 0.010300000000000059,
        "best_ask": 0.995,
        "best_bid": 0.994,
        "bid_ask_pressure": -0.0004999999999999449,
        "hours_to_end": 133.51612759277776,
        "last_trade": 0.994,
        "liquidity": 2239716.93595,
        "liquidity_score": 1.0,
        "micro_signal": 0.0040000000000000036,
        "quality_nudge": 0.0068,
        "spread_penalty": 0.03333333333333337,
        "tail_reversion": 0.0,
        "time_score": 0.85,
        "volume": 28374509.001822986,
        "volume_score": 1.0
      },
      "decision": "REJECT",
      "disagreement": 0.19400000000000006,
      "edge_abs": 0.0,
      "edge_vs_market": 0.0,
      "llm_confidence": 0.8059999999999999,
      "llm_rationale": "",
      "llm_used": false,
      "p_yes_market": 0.99,
      "p_yes_model": 0.99,
      "pricing_source": "mid",
      "question": "Will there be no change in Fed interest rates after the April 2026 meeting?",
      "reason": "min_edge_abs",
      "side": "NO",
      "slug": "will-there-be-no-change-in-fed-interest-rates-after-the-april-2026-meeting",
      "spread": 0.0010000000000000009
    },
    {
      "components": {
        "adjustment": 0.0002999999999999999,
        "best_ask": 0.003,
        "best_bid": 0.002,
        "bid_ask_pressure": 0.0005,
        "hours_to_end": 133.5160997386111,
        "last_trade": 0.003,
        "liquidity": 2354918.93219,
        "liquidity_score": 1.0,
        "micro_signal": -0.007,
        "quality_nudge": 0.0068000000000000005,
        "spread_penalty": 0.03333333333333333,
        "tail_reversion": 0.0,
        "time_score": 0.85,
        "volume": 26672716.789592005,
        "volume_score": 1.0
      },
      "decision": "REJECT",
      "disagreement": 0.19400000000000006,
      "edge_abs": 0.0002999999999999999,
      "edge_vs_market": 0.0002999999999999999,
      "llm_confidence": 0.8059999999999999,
      "llm_rationale": "",
      "llm_used": false,
      "p_yes_market": 0.01,
      "p_yes_model": 0.0103,
      "pricing_source": "mid",
      "question": "Will the Fed decrease interest rates by 25 bps after the April 2026 meeting?",
      "reason": "min_edge_abs",
      "side": "YES",
      "slug": "will-the-fed-decrease-interest-rates-by-25-bps-after-the-april-2026-meeting",
      "spread": 0.001
    },
    {
      "components": {
        "adjustment": 0.008232473546155581,
        "best_ask": 0.08,
        "best_bid": 0.07,
        "bid_ask_pressure": 0.0049999999999999906,
        "hours_to_end": 229.5160301763889,
        "last_trade": 0.08,
        "liquidity": 4245.7973,
        "liquidity_score": 0.042457973,
        "micro_signal": 0.0049999999999999906,
        "quality_nudge": -0.0017675264538443993,
        "spread_penalty": 0.3333333333333332,
        "tail_reversion": 0.0,
        "time_score": 0.7,
        "volume": 52201.378462999935,
        "volume_score": 0.020880551385199973
      },
      "decision": "REJECT",
      "disagreement": 0.7103532683106639,
      "edge_abs": 0.008232473546155583,
      "edge_vs_market": 0.008232473546155583,
      "llm_confidence": 0.289646731689336,
      "llm_rationale": "",
      "llm_used": false,
      "p_yes_market": 0.07500000000000001,
      "p_yes_model": 0.0832324735461556,
      "pricing_source": "mid",
      "question": "Will Kim Kardashian pass the bar exam by May 3?",
      "reason": "max_disagree",
      "side": "YES",
      "slug": "will-kim-kardashian-pass-the-bar-exam-by-may-3",
      "spread": 0.009999999999999995
    },
    {
      "components": {
        "adjustment": -0.01093131776734601,
        "best_ask": 0.85,
        "best_bid": 0.84,
        "bid_ask_pressure": -0.0050000000000000044,
        "hours_to_end": 5293.515972394167,
        "last_trade": 0.84,
        "liquidity": 25597.9595,
        "liquidity_score": 0.255979595,
        "micro_signal": -0.0050000000000000044,
        "quality_nudge": -0.0009313177673460019,
        "spread_penalty": 0.33333333333333365,
        "tail_reversion": 0.0,
        "time_score": 0.4,
        "volume": 37303.21054499999,
        "volume_score": 0.014921284217999995
      },
      "decision": "REJECT",
      "disagreement": 0.6876398822407601,
      "edge_abs": 0.010931317767346016,
      "edge_vs_market": -0.010931317767346016,
      "llm_confidence": 0.31236011775923994,
      "llm_rationale": "",
      "llm_used": false,
      "p_yes_market": 0.845,
      "p_yes_model": 0.834068682232654,
      "pricing_source": "mid",
      "question": "Blue wave in 2026?",
      "reason": "max_disagree",
      "side": "NO",
      "slug": "blue-wave-in-2026",
      "spread": 0.010000000000000009
    }
  ],
  "settings": {
    "batch": 5,
    "cooldown": 43,
    "max_disagree": 0.45,
    "min_edge_abs": 0.05,
    "min_edge_vs_market": 0.05,
    "paper_size": 100.0
  },
  "source": "polymarket",
  "summary": {
    "evaluated": 4,
    "passed": 0,
    "rejected": {
      "closed_market": 0,
      "fetch_failed": 0,
      "inactive_market": 0,
      "low_liquidity": 0,
      "low_volume": 0,
      "max_disagree": 2,
      "min_edge_abs": 2,
      "min_edge_vs_market": 0,
      "wide_spread": 0
    }
  },
  "ts_utc": "2026-04-23T10:29:02.499500+00:00"
}