{
  "mode": "infer",
  "rows": [
    {
      "components": {},
      "decision": "REJECT",
      "disagreement": 1.0,
      "edge_abs": 0.39,
      "edge_vs_market": 0.0,
      "p_yes_market": 0.11,
      "p_yes_model": 0.11,
      "pricing_source": "mid",
      "question": "Fed emergency rate cut before 2027?",
      "reason": "wide_spread",
      "side": "NO",
      "slug": "fed-emergency-rate-cut-before-2027",
      "spread": 0.04000000000000001
    },
    {
      "components": {
        "adjustment": 0.009674007196399903,
        "best_ask": 0.408,
        "best_bid": 0.406,
        "bid_ask_pressure": 0.0019999999999999463,
        "hours_to_end": 6251.6561856475,
        "last_trade": 0.409,
        "liquidity": 76850.17991,
        "liquidity_score": 0.7685017991,
        "micro_signal": 0.0019999999999999463,
        "quality_nudge": 0.005674007196400011,
        "spread_penalty": 0.06666666666666488,
        "tail_reversion": 0.0,
        "time_score": 0.4,
        "volume": 3158062.6834120112,
        "volume_score": 1.0
      },
      "decision": "REJECT",
      "disagreement": 0.31881949625199957,
      "edge_abs": 0.00967400719639988,
      "edge_vs_market": 0.00967400719639988,
      "llm_confidence": 0.6811805037480004,
      "llm_rationale": "",
      "llm_used": false,
      "p_yes_market": 0.40700000000000003,
      "p_yes_model": 0.4166740071963999,
      "pricing_source": "mid",
      "question": "Will no Fed rate cuts happen in 2026?",
      "reason": "min_edge_abs",
      "side": "YES",
      "slug": "will-no-fed-rate-cuts-happen-in-2026",
      "spread": 0.0019999999999999463
    },
    {
      "components": {
        "adjustment": -0.007251627954236006,
        "best_ask": 0.27,
        "best_bid": 0.26,
        "bid_ask_pressure": -0.0050000000000000044,
        "hours_to_end": 6251.656158124444,
        "last_trade": 0.26,
        "liquidity": 87695.7385,
        "liquidity_score": 0.8769573850000001,
        "micro_signal": -0.0050000000000000044,
        "quality_nudge": 0.0027483720457640026,
        "spread_penalty": 0.33333333333333365,
        "tail_reversion": 0.0,
        "time_score": 0.4,
        "volume": 1033785.4214700027,
        "volume_score": 0.4135141685880011
      },
      "decision": "REJECT",
      "disagreement": 0.4420193818541598,
      "edge_abs": 0.007251627954236006,
      "edge_vs_market": -0.007251627954236006,
      "llm_confidence": 0.5579806181458402,
      "llm_rationale": "",
      "llm_used": false,
      "p_yes_market": 0.265,
      "p_yes_model": 0.257748372045764,
      "pricing_source": "mid",
      "question": "Will 1 Fed rate cut happen in 2026?",
      "reason": "min_edge_abs",
      "side": "NO",
      "slug": "will-1-fed-rate-cut-happen-in-2026",
      "spread": 0.010000000000000009
    },
    {
      "components": {
        "adjustment": -0.0068359218747236095,
        "best_ask": 0.15,
        "best_bid": 0.14,
        "bid_ask_pressure": -0.0050000000000000044,
        "hours_to_end": 6251.656111054444,
        "last_trade": 0.14,
        "liquidity": 126722.3045,
        "liquidity_score": 1.0,
        "micro_signal": -0.0050000000000000044,
        "quality_nudge": 0.0031640781252764,
        "spread_penalty": 0.3333333333333327,
        "tail_reversion": 0.0,
        "time_score": 0.4,
        "volume": 970065.1043969968,
        "volume_score": 0.38802604175879873
      },
      "decision": "REJECT",
      "disagreement": 0.4121553124834161,
      "edge_abs": 0.006835921874723622,
      "edge_vs_market": -0.006835921874723622,
      "llm_confidence": 0.5878446875165839,
      "llm_rationale": "",
      "llm_used": false,
      "p_yes_market": 0.14500000000000002,
      "p_yes_model": 0.1381640781252764,
      "pricing_source": "mid",
      "question": "Will 2 Fed rate cuts happen in 2026?",
      "reason": "min_edge_abs",
      "side": "NO",
      "slug": "will-2-fed-rate-cuts-happen-in-2026",
      "spread": 0.009999999999999981
    },
    {
      "components": {
        "adjustment": -0.006901109619377611,
        "best_ask": 0.1,
        "best_bid": 0.09,
        "bid_ask_pressure": -0.0050000000000000044,
        "hours_to_end": 6251.6560687344445,
        "last_trade": 0.09,
        "liquidity": 117557.1233,
        "liquidity_score": 1.0,
        "micro_signal": -0.0050000000000000044,
        "quality_nudge": 0.003098890380622398,
        "spread_penalty": 0.33333333333333365,
        "tail_reversion": 0.0,
        "time_score": 0.4,
        "volume": 915741.9838520001,
        "volume_score": 0.3662967935408
      },
      "decision": "REJECT",
      "disagreement": 0.41606657716265594,
      "edge_abs": 0.006901109619377607,
      "edge_vs_market": -0.006901109619377607,
      "llm_confidence": 0.5839334228373441,
      "llm_rationale": "",
      "llm_used": false,
      "p_yes_market": 0.095,
      "p_yes_model": 0.0880988903806224,
      "pricing_source": "mid",
      "question": "Will 3 Fed rate cuts happen in 2026?",
      "reason": "min_edge_abs",
      "side": "NO",
      "slug": "will-3-fed-rate-cuts-happen-in-2026",
      "spread": 0.010000000000000009
    }
  ],
  "settings": {
    "batch": 5,
    "cooldown": 43,
    "max_disagree": 0.45,
    "min_edge_abs": 0.05,
    "min_edge_vs_market": 0.05,
    "paper_size": 100.0
  },
  "source": "polymarket",
  "summary": {
    "evaluated": 5,
    "passed": 0,
    "rejected": {
      "closed_market": 0,
      "fetch_failed": 0,
      "inactive_market": 0,
      "low_liquidity": 0,
      "low_volume": 0,
      "max_disagree": 0,
      "min_edge_abs": 4,
      "min_edge_vs_market": 0,
      "wide_spread": 1
    }
  },
  "ts_utc": "2026-04-14T12:20:38.152600+00:00"
}