{
  "mode": "infer",
  "rows": [
    {
      "components": {
        "adjustment": 0.0029999999999999966,
        "best_ask": 0.43,
        "best_bid": 0.41,
        "bid_ask_pressure": 0.0,
        "hours_to_end": 1865.6588263291667,
        "last_trade": 0.42,
        "liquidity": 219915.7712,
        "liquidity_score": 1.0,
        "micro_signal": 0.0,
        "quality_nudge": 0.0029999999999999966,
        "spread_penalty": 0.6666666666666673,
        "tail_reversion": 0.0,
        "time_score": 0.55,
        "volume": 6683547.240608981,
        "volume_score": 1.0
      },
      "decision": "REJECT",
      "disagreement": 0.3440000000000001,
      "edge_abs": 0.0030000000000000027,
      "edge_vs_market": 0.0030000000000000027,
      "llm_confidence": 0.6559999999999999,
      "llm_rationale": "",
      "llm_used": false,
      "p_yes_market": 0.42,
      "p_yes_model": 0.423,
      "pricing_source": "mid",
      "question": "Will the Oklahoma City Thunder win the 2026 NBA Finals?",
      "reason": "min_edge_abs",
      "side": "YES",
      "slug": "will-the-oklahoma-city-thunder-win-the-2026-nba-finals",
      "spread": 0.020000000000000018
    },
    {
      "components": {
        "adjustment": 0.0078000000000000005,
        "best_ask": 0.119,
        "best_bid": 0.118,
        "bid_ask_pressure": 0.0005000000000000004,
        "hours_to_end": 1865.6587964158334,
        "last_trade": 0.119,
        "liquidity": 125488.53621,
        "liquidity_score": 1.0,
        "micro_signal": 0.0005000000000000004,
        "quality_nudge": 0.0068,
        "spread_penalty": 0.03333333333333337,
        "tail_reversion": 0.0,
        "time_score": 0.55,
        "volume": 6538568.645718093,
        "volume_score": 1.0
      },
      "decision": "REJECT",
      "disagreement": 0.22999999999999998,
      "edge_abs": 0.007800000000000001,
      "edge_vs_market": 0.007800000000000001,
      "llm_confidence": 0.77,
      "llm_rationale": "",
      "llm_used": false,
      "p_yes_market": 0.1185,
      "p_yes_model": 0.1263,
      "pricing_source": "mid",
      "question": "Will the Boston Celtics win the 2026 NBA Finals?",
      "reason": "min_edge_abs",
      "side": "YES",
      "slug": "will-the-boston-celtics-win-the-2026-nba-finals",
      "spread": 0.0010000000000000009
    },
    {
      "components": {
        "adjustment": -0.008549232146,
        "best_ask": 0.001,
        "best_bid": 0.01,
        "bid_ask_pressure": -0.0045,
        "hours_to_end": 1001.6587718866667,
        "last_trade": 0.001,
        "liquidity": 48769.19635,
        "liquidity_score": 0.4876919635,
        "micro_signal": -0.009000000000000001,
        "quality_nudge": 0.004950767854,
        "spread_penalty": 0.0,
        "tail_reversion": 0.0,
        "time_score": 0.55,
        "volume": 5350774.695071012,
        "volume_score": 1.0
      },
      "decision": "REJECT",
      "disagreement": 0.36744625022,
      "edge_abs": 0.0,
      "edge_vs_market": 0.0,
      "llm_confidence": 0.63255374978,
      "llm_rationale": "",
      "llm_used": false,
      "p_yes_market": 0.01,
      "p_yes_model": 0.01,
      "pricing_source": "last_trade",
      "question": "Will Beth Van Duyne win the 2026 Texas Republican Primary?",
      "reason": "min_edge_abs",
      "side": "NO",
      "slug": "will-beth-van-duyne-win-the-2026-republican-primary",
      "spread": 0.0
    },
    {
      "components": {
        "adjustment": 0.010318261992656352,
        "best_ask": 1.0,
        "best_bid": 0.999,
        "bid_ask_pressure": -0.000500000000000056,
        "hours_to_end": 41.658742466666666,
        "last_trade": 0.999,
        "liquidity": 49159.64155,
        "liquidity_score": 0.4915964155,
        "micro_signal": 0.009000000000000008,
        "quality_nudge": 0.0018182619926564,
        "spread_penalty": 0.03333333333333337,
        "tail_reversion": 0.0,
        "time_score": 0.85,
        "volume": 43230.275547,
        "volume_score": 0.0172921102188
      },
      "decision": "REJECT",
      "disagreement": 0.5132404238206161,
      "edge_abs": 0.0,
      "edge_vs_market": 0.0,
      "llm_confidence": 0.486759576179384,
      "llm_rationale": "",
      "llm_used": false,
      "p_yes_market": 0.99,
      "p_yes_model": 0.99,
      "pricing_source": "mid",
      "question": "Will the Los Angeles Kings make the NHL Playoffs?",
      "reason": "max_disagree",
      "side": "NO",
      "slug": "will-the-los-angeles-kings-make-the-nhl-playoffs",
      "spread": 0.0010000000000000009
    }
  ],
  "settings": {
    "batch": 5,
    "cooldown": 43,
    "max_disagree": 0.45,
    "min_edge_abs": 0.05,
    "min_edge_vs_market": 0.05,
    "paper_size": 100.0
  },
  "source": "polymarket",
  "summary": {
    "evaluated": 4,
    "passed": 0,
    "rejected": {
      "closed_market": 0,
      "fetch_failed": 0,
      "inactive_market": 0,
      "low_liquidity": 0,
      "low_volume": 0,
      "max_disagree": 1,
      "min_edge_abs": 3,
      "min_edge_vs_market": 0,
      "wide_spread": 0
    }
  },
  "ts_utc": "2026-04-14T06:20:28.527188+00:00"
}