{
  "mode": "infer",
  "rows": [
    {
      "components": {
        "adjustment": -0.0027884735264768036,
        "best_ask": 0.109,
        "best_bid": 0.107,
        "bid_ask_pressure": -0.0020000000000000018,
        "hours_to_end": 697.4905315513889,
        "last_trade": 0.106,
        "liquidity": 35903.47575,
        "liquidity_score": 0.35903475749999997,
        "micro_signal": -0.0020000000000000018,
        "quality_nudge": 0.0012115264735231997,
        "spread_penalty": 0.06666666666666674,
        "tail_reversion": 0.0,
        "time_score": 0.7,
        "volume": 146156.20293600007,
        "volume_score": 0.05846248117440003
      },
      "decision": "REJECT",
      "disagreement": 0.5669470212886081,
      "edge_abs": 0.0027884735264768062,
      "edge_vs_market": -0.0027884735264768062,
      "llm_confidence": 0.4330529787113919,
      "llm_rationale": "",
      "llm_used": false,
      "p_yes_market": 0.108,
      "p_yes_model": 0.10521152647352319,
      "pricing_source": "mid",
      "question": "Will Braga win the 2025-26 UEFA Europa League?",
      "reason": "max_disagree",
      "side": "NO",
      "slug": "will-braga-win-the-2025-26-uefa-europa-league",
      "spread": 0.0020000000000000018
    },
    {
      "components": {
        "adjustment": 0.016435245118145213,
        "best_ask": 0.23,
        "best_bid": 0.209,
        "bid_ask_pressure": 0.009500000000000008,
        "hours_to_end": 697.4903860522222,
        "last_trade": 0.229,
        "liquidity": 36253.48635,
        "liquidity_score": 0.36253486349999997,
        "micro_signal": 0.009500000000000008,
        "quality_nudge": -0.0025647548818548043,
        "spread_penalty": 0.7000000000000006,
        "tail_reversion": 0.0,
        "time_score": 0.7,
        "volume": 154254.72012100008,
        "volume_score": 0.06170188804840003
      },
      "decision": "REJECT",
      "disagreement": 0.6793838983712881,
      "edge_abs": 0.016435245118145203,
      "edge_vs_market": 0.016435245118145203,
      "llm_confidence": 0.3206161016287119,
      "llm_rationale": "",
      "llm_used": false,
      "p_yes_market": 0.2195,
      "p_yes_model": 0.2359352451181452,
      "pricing_source": "mid",
      "question": "Will Nott'm Forest win the 2025-26 UEFA Europa League?",
      "reason": "max_disagree",
      "side": "YES",
      "slug": "will-nottm-forest-win-the-2025-26-uefa-europa-league",
      "spread": 0.02100000000000002
    },
    {
      "components": {
        "adjustment": -0.01184950383487361,
        "best_ask": 0.85,
        "best_bid": 0.84,
        "bid_ask_pressure": -0.0050000000000000044,
        "hours_to_end": 697.4903376108333,
        "last_trade": 0.84,
        "liquidity": 3114.341,
        "liquidity_score": 0.03114341,
        "micro_signal": -0.0050000000000000044,
        "quality_nudge": -0.0018495038348736018,
        "spread_penalty": 0.33333333333333365,
        "tail_reversion": 0.0,
        "time_score": 0.7,
        "volume": 21602.104271999997,
        "volume_score": 0.0086408417088
      },
      "decision": "REJECT",
      "disagreement": 0.7157244936924161,
      "edge_abs": 0.011849503834873598,
      "edge_vs_market": -0.011849503834873598,
      "llm_confidence": 0.2842755063075839,
      "llm_rationale": "",
      "llm_used": false,
      "p_yes_market": 0.845,
      "p_yes_model": 0.8331504961651264,
      "pricing_source": "mid",
      "question": "Will Galatasaray win the S\u00fcper Lig?",
      "reason": "max_disagree",
      "side": "NO",
      "slug": "will-galatasaray-win-the-sper-lig",
      "spread": 0.010000000000000009
    },
    {
      "components": {
        "adjustment": 0.009079162594463607,
        "best_ask": 0.84,
        "best_bid": 0.83,
        "bid_ask_pressure": 0.0050000000000000044,
        "hours_to_end": 5257.490194454722,
        "last_trade": 0.84,
        "liquidity": 25842.0351,
        "liquidity_score": 0.258420351,
        "micro_signal": 0.0050000000000000044,
        "quality_nudge": -0.0009208374055364019,
        "spread_penalty": 0.33333333333333365,
        "tail_reversion": 0.0,
        "time_score": 0.4,
        "volume": 37900.99205299999,
        "volume_score": 0.015160396821199995
      },
      "decision": "REJECT",
      "disagreement": 0.686913430292184,
      "edge_abs": 0.009079162594463619,
      "edge_vs_market": 0.009079162594463619,
      "llm_confidence": 0.31308656970781595,
      "llm_rationale": "",
      "llm_used": false,
      "p_yes_market": 0.835,
      "p_yes_model": 0.8440791625944636,
      "pricing_source": "mid",
      "question": "Blue wave in 2026?",
      "reason": "max_disagree",
      "side": "YES",
      "slug": "blue-wave-in-2026",
      "spread": 0.010000000000000009
    }
  ],
  "settings": {
    "batch": 5,
    "cooldown": 43,
    "max_disagree": 0.45,
    "min_edge_abs": 0.05,
    "min_edge_vs_market": 0.05,
    "paper_size": 100.0
  },
  "source": "polymarket",
  "summary": {
    "evaluated": 4,
    "passed": 0,
    "rejected": {
      "closed_market": 0,
      "fetch_failed": 0,
      "inactive_market": 0,
      "low_liquidity": 0,
      "low_volume": 0,
      "max_disagree": 4,
      "min_edge_abs": 0,
      "min_edge_vs_market": 0,
      "wide_spread": 0
    }
  },
  "ts_utc": "2026-04-24T22:30:35.300233+00:00"
}