{
  "mode": "infer",
  "rows": [
    {
      "components": {
        "adjustment": 0.016513100810836408,
        "best_ask": 0.89,
        "best_bid": 0.87,
        "bid_ask_pressure": 0.01,
        "hours_to_end": 5543.401308296667,
        "last_trade": 0.89,
        "liquidity": 11884.3039,
        "liquidity_score": 0.11884303900000001,
        "micro_signal": 0.010000000000000009,
        "quality_nudge": -0.0034868991891636035,
        "spread_penalty": 0.6666666666666673,
        "tail_reversion": 0.0,
        "time_score": 0.4,
        "volume": 31440.545696999987,
        "volume_score": 0.012576218278799995
      },
      "decision": "REJECT",
      "disagreement": 0.7864602297898161,
      "edge_abs": 0.016513100810836456,
      "edge_vs_market": 0.016513100810836456,
      "llm_confidence": 0.2135397702101839,
      "llm_rationale": "",
      "llm_used": false,
      "p_yes_market": 0.88,
      "p_yes_model": 0.8965131008108365,
      "pricing_source": "mid",
      "question": "Blue wave in 2026?",
      "reason": "max_disagree",
      "side": "YES",
      "slug": "blue-wave-in-2026",
      "spread": 0.020000000000000018
    },
    {
      "components": {
        "adjustment": 0.0195808187256076,
        "best_ask": 0.32,
        "best_bid": 0.3,
        "bid_ask_pressure": 0.01,
        "hours_to_end": 7031.401275374167,
        "last_trade": 0.32,
        "liquidity": 51120.8427,
        "liquidity_score": 0.511208427,
        "micro_signal": 0.010000000000000009,
        "quality_nudge": -0.0004191812743924088,
        "spread_penalty": 0.6666666666666673,
        "tail_reversion": 0.0,
        "time_score": 0.4,
        "volume": 1279987.5146729955,
        "volume_score": 0.5119950058691982
      },
      "decision": "REJECT",
      "disagreement": 0.5867025393835444,
      "edge_abs": 0.01958081872560763,
      "edge_vs_market": 0.01958081872560763,
      "llm_confidence": 0.41329746061645556,
      "llm_rationale": "",
      "llm_used": false,
      "p_yes_market": 0.31,
      "p_yes_model": 0.3295808187256076,
      "pricing_source": "mid",
      "question": "US recession by end of 2026?",
      "reason": "max_disagree",
      "side": "YES",
      "slug": "us-recession-by-end-of-2026",
      "spread": 0.020000000000000018
    },
    {
      "components": {
        "adjustment": 0.01701179222442121,
        "best_ask": 0.1,
        "best_bid": 0.08,
        "bid_ask_pressure": 0.01,
        "hours_to_end": 6287.401222046945,
        "last_trade": 0.1,
        "liquidity": 22347.8384,
        "liquidity_score": 0.223478384,
        "micro_signal": 0.010000000000000009,
        "quality_nudge": -0.002988207775578801,
        "spread_penalty": 0.6666666666666669,
        "tail_reversion": 0.0,
        "time_score": 0.4,
        "volume": 98232.24035100003,
        "volume_score": 0.03929289614040001
      },
      "decision": "REJECT",
      "disagreement": 0.752353331174728,
      "edge_abs": 0.0170117922244212,
      "edge_vs_market": 0.0170117922244212,
      "llm_confidence": 0.24764666882527195,
      "llm_rationale": "",
      "llm_used": false,
      "p_yes_market": 0.09,
      "p_yes_model": 0.1070117922244212,
      "pricing_source": "mid",
      "question": "Fed emergency rate cut before 2027?",
      "reason": "max_disagree",
      "side": "YES",
      "slug": "fed-emergency-rate-cut-before-2027",
      "spread": 0.020000000000000004
    },
    {
      "components": {
        "adjustment": 5.076932039999472e-05,
        "best_ask": 0.438,
        "best_bid": 0.433,
        "bid_ask_pressure": -0.0025000000000000022,
        "hours_to_end": 6287.401189857778,
        "last_trade": 0.433,
        "liquidity": 76269.23301,
        "liquidity_score": 0.7626923300999999,
        "micro_signal": -0.0025000000000000022,
        "quality_nudge": 0.005050769320399999,
        "spread_penalty": 0.16666666666666682,
        "tail_reversion": 0.0,
        "time_score": 0.4,
        "volume": 3120155.8343670117,
        "volume_score": 1.0
      },
      "decision": "REJECT",
      "disagreement": 0.338446147572,
      "edge_abs": 5.076932039999038e-05,
      "edge_vs_market": 5.076932039999038e-05,
      "llm_confidence": 0.661553852428,
      "llm_rationale": "",
      "llm_used": false,
      "p_yes_market": 0.4355,
      "p_yes_model": 0.4355507693204,
      "pricing_source": "mid",
      "question": "Will no Fed rate cuts happen in 2026?",
      "reason": "min_edge_abs",
      "side": "YES",
      "slug": "will-no-fed-rate-cuts-happen-in-2026",
      "spread": 0.0050000000000000044
    },
    {
      "components": {
        "adjustment": 0.01224347285107481,
        "best_ask": 0.26,
        "best_bid": 0.25,
        "bid_ask_pressure": 0.0050000000000000044,
        "hours_to_end": 6287.401161947778,
        "last_trade": 0.26,
        "liquidity": 75311.2856,
        "liquidity_score": 0.753112856,
        "micro_signal": 0.0050000000000000044,
        "quality_nudge": 0.0022434728510748016,
        "spread_penalty": 0.33333333333333365,
        "tail_reversion": 0.0,
        "time_score": 0.4,
        "volume": 1025851.1892290029,
        "volume_score": 0.41034047569160115
      },
      "decision": "REJECT",
      "disagreement": 0.47726711469551175,
      "edge_abs": 0.0122434728510748,
      "edge_vs_market": 0.0122434728510748,
      "llm_confidence": 0.5227328853044882,
      "llm_rationale": "",
      "llm_used": false,
      "p_yes_market": 0.255,
      "p_yes_model": 0.2672434728510748,
      "pricing_source": "mid",
      "question": "Will 1 Fed rate cut happen in 2026?",
      "reason": "max_disagree",
      "side": "YES",
      "slug": "will-1-fed-rate-cut-happen-in-2026",
      "spread": 0.010000000000000009
    }
  ],
  "settings": {
    "batch": 5,
    "cooldown": 43,
    "max_disagree": 0.45,
    "min_edge_abs": 0.05,
    "min_edge_vs_market": 0.05,
    "paper_size": 100.0
  },
  "source": "polymarket",
  "summary": {
    "evaluated": 5,
    "passed": 0,
    "rejected": {
      "closed_market": 0,
      "fetch_failed": 0,
      "inactive_market": 0,
      "low_liquidity": 0,
      "low_volume": 0,
      "max_disagree": 4,
      "min_edge_abs": 1,
      "min_edge_vs_market": 0,
      "wide_spread": 0
    }
  },
  "ts_utc": "2026-04-13T00:35:55.817165+00:00"
}