{
  "mode": "infer",
  "rows": [
    {
      "components": {
        "adjustment": 0.013160962628349582,
        "best_ask": 0.08,
        "best_bid": 0.07,
        "bid_ask_pressure": 0.0049999999999999906,
        "hours_to_end": 6019.503274126945,
        "last_trade": 0.08,
        "liquidity": 117457.1911,
        "liquidity_score": 1.0,
        "micro_signal": 0.0049999999999999906,
        "quality_nudge": 0.003160962628349602,
        "spread_penalty": 0.3333333333333332,
        "tail_reversion": 0.0,
        "time_score": 0.4,
        "volume": 967468.8569580007,
        "volume_score": 0.3869875427832003
      },
      "decision": "REJECT",
      "disagreement": 0.41234224229902383,
      "edge_abs": 0.013160962628349579,
      "edge_vs_market": 0.013160962628349579,
      "llm_confidence": 0.5876577577009762,
      "llm_rationale": "",
      "llm_used": false,
      "p_yes_market": 0.07500000000000001,
      "p_yes_model": 0.08816096262834959,
      "pricing_source": "mid",
      "question": "Will 3 Fed rate cuts happen in 2026?",
      "reason": "min_edge_abs",
      "side": "YES",
      "slug": "will-3-fed-rate-cuts-happen-in-2026",
      "spread": 0.009999999999999995
    },
    {
      "components": {
        "adjustment": 0.004171444232843195,
        "best_ask": 0.013,
        "best_bid": 0.012,
        "bid_ask_pressure": -0.0005000000000000004,
        "hours_to_end": 6019.503227152222,
        "last_trade": 0.012,
        "liquidity": 128227.05971,
        "liquidity_score": 1.0,
        "micro_signal": -0.0005000000000000004,
        "quality_nudge": 0.005171444232843196,
        "spread_penalty": 0.033333333333333305,
        "tail_reversion": 0.0,
        "time_score": 0.4,
        "volume": 1142870.1940359965,
        "volume_score": 0.4571480776143986
      },
      "decision": "REJECT",
      "disagreement": 0.3457133460294082,
      "edge_abs": 0.004171444232843196,
      "edge_vs_market": 0.004171444232843196,
      "llm_confidence": 0.6542866539705918,
      "llm_rationale": "",
      "llm_used": false,
      "p_yes_market": 0.0125,
      "p_yes_model": 0.016671444232843197,
      "pricing_source": "mid",
      "question": "Will 5 Fed rate cuts happen in 2026?",
      "reason": "min_edge_abs",
      "side": "YES",
      "slug": "will-5-fed-rate-cuts-happen-in-2026",
      "spread": 0.0009999999999999992
    },
    {
      "components": {
        "adjustment": -0.03732222327852559,
        "best_ask": 0.47,
        "best_bid": 0.45,
        "bid_ask_pressure": -0.01,
        "hours_to_end": 6048.503180236945,
        "last_trade": 0.42,
        "liquidity": 28267.5808,
        "liquidity_score": 0.282675808,
        "micro_signal": -0.025,
        "quality_nudge": -0.002322223278525591,
        "spread_penalty": 0.6666666666666654,
        "tail_reversion": 0.0,
        "time_score": 0.4,
        "volume": 455894.574562001,
        "volume_score": 0.1823578298248004
      },
      "decision": "REJECT",
      "disagreement": 0.7100263643915357,
      "edge_abs": 0.03732222327852558,
      "edge_vs_market": -0.03732222327852558,
      "llm_confidence": 0.2899736356084643,
      "llm_rationale": "",
      "llm_used": false,
      "p_yes_market": 0.45999999999999996,
      "p_yes_model": 0.4226777767214744,
      "pricing_source": "mid",
      "question": "Ethereum flipped in 2026?",
      "reason": "max_disagree",
      "side": "NO",
      "slug": "eth-flipped-in-2026",
      "spread": 0.019999999999999962
    }
  ],
  "settings": {
    "batch": 5,
    "cooldown": 43,
    "max_disagree": 0.45,
    "min_edge_abs": 0.05,
    "min_edge_vs_market": 0.05,
    "paper_size": 100.0
  },
  "source": "polymarket",
  "summary": {
    "evaluated": 3,
    "passed": 0,
    "rejected": {
      "closed_market": 0,
      "fetch_failed": 0,
      "inactive_market": 0,
      "low_liquidity": 0,
      "low_volume": 0,
      "max_disagree": 1,
      "min_edge_abs": 2,
      "min_edge_vs_market": 0,
      "wide_spread": 0
    }
  },
  "ts_utc": "2026-04-24T04:29:48.551255+00:00"
}