{
  "mode": "infer",
  "rows": [
    {
      "components": {
        "adjustment": 0.009976745151872007,
        "best_ask": 0.113,
        "best_bid": 0.105,
        "bid_ask_pressure": 0.0050000000000000044,
        "hours_to_end": 727.5091182227778,
        "last_trade": 0.114,
        "liquidity": 35037.82607,
        "liquidity_score": 0.35037826070000005,
        "micro_signal": 0.0050000000000000044,
        "quality_nudge": -2.325484812800132e-05,
        "spread_penalty": 0.26666666666666694,
        "tail_reversion": 0.0,
        "time_score": 0.55,
        "volume": 146026.7575600001,
        "volume_score": 0.05841070302400003
      },
      "decision": "REJECT",
      "disagreement": 0.62338016045968,
      "edge_abs": 0.00997674515187201,
      "edge_vs_market": 0.00997674515187201,
      "llm_confidence": 0.37661983954031997,
      "llm_rationale": "",
      "llm_used": false,
      "p_yes_market": 0.109,
      "p_yes_model": 0.11897674515187201,
      "pricing_source": "mid",
      "question": "Will Braga win the 2025-26 UEFA Europa League?",
      "reason": "max_disagree",
      "side": "YES",
      "slug": "will-braga-win-the-2025-26-uefa-europa-league",
      "spread": 0.008000000000000007
    },
    {
      "components": {
        "adjustment": 0.01364257833005556,
        "best_ask": 0.209,
        "best_bid": 0.197,
        "bid_ask_pressure": 0.0069999999999999785,
        "hours_to_end": 727.5090904161111,
        "last_trade": 0.21,
        "liquidity": 46923.42584,
        "liquidity_score": 0.46923425840000005,
        "micro_signal": 0.0069999999999999785,
        "quality_nudge": -0.00035742166994439653,
        "spread_penalty": 0.39999999999999947,
        "tail_reversion": 0.0,
        "time_score": 0.55,
        "volume": 138034.41371300007,
        "volume_score": 0.05521376548520003
      },
      "decision": "REJECT",
      "disagreement": 0.6146759298606639,
      "edge_abs": 0.013642578330055555,
      "edge_vs_market": 0.013642578330055555,
      "llm_confidence": 0.38532407013933617,
      "llm_rationale": "",
      "llm_used": false,
      "p_yes_market": 0.203,
      "p_yes_model": 0.21664257833005557,
      "pricing_source": "mid",
      "question": "Will Nott'm Forest win the 2025-26 UEFA Europa League?",
      "reason": "max_disagree",
      "side": "YES",
      "slug": "will-nottm-forest-win-the-2025-26-uefa-europa-league",
      "spread": 0.011999999999999983
    },
    {
      "components": {},
      "decision": "REJECT",
      "disagreement": 1.0,
      "edge_abs": 0.30499999999999994,
      "edge_vs_market": 0.0,
      "p_yes_market": 0.8049999999999999,
      "p_yes_model": 0.8049999999999999,
      "pricing_source": "mid",
      "question": "Will Galatasaray win the S\u00fcper Lig?",
      "reason": "wide_spread",
      "side": "YES",
      "slug": "will-galatasaray-win-the-sper-lig",
      "spread": 0.08999999999999997
    },
    {
      "components": {
        "adjustment": -0.01122885762734601,
        "best_ask": 0.85,
        "best_bid": 0.84,
        "bid_ask_pressure": -0.0050000000000000044,
        "hours_to_end": 5287.508971856389,
        "last_trade": 0.84,
        "liquidity": 18159.463,
        "liquidity_score": 0.18159463,
        "micro_signal": -0.0050000000000000044,
        "quality_nudge": -0.0012288576273460018,
        "spread_penalty": 0.33333333333333365,
        "tail_reversion": 0.0,
        "time_score": 0.4,
        "volume": 37303.21054499999,
        "volume_score": 0.014921284217999995
      },
      "decision": "REJECT",
      "disagreement": 0.7084676724407601,
      "edge_abs": 0.011228857627346045,
      "edge_vs_market": -0.011228857627346045,
      "llm_confidence": 0.2915323275592399,
      "llm_rationale": "",
      "llm_used": false,
      "p_yes_market": 0.845,
      "p_yes_model": 0.8337711423726539,
      "pricing_source": "mid",
      "question": "Blue wave in 2026?",
      "reason": "max_disagree",
      "side": "NO",
      "slug": "blue-wave-in-2026",
      "spread": 0.010000000000000009
    }
  ],
  "settings": {
    "batch": 5,
    "cooldown": 43,
    "max_disagree": 0.45,
    "min_edge_abs": 0.05,
    "min_edge_vs_market": 0.05,
    "paper_size": 100.0
  },
  "source": "polymarket",
  "summary": {
    "evaluated": 4,
    "passed": 0,
    "rejected": {
      "closed_market": 0,
      "fetch_failed": 0,
      "inactive_market": 0,
      "low_liquidity": 0,
      "low_volume": 0,
      "max_disagree": 3,
      "min_edge_abs": 0,
      "min_edge_vs_market": 0,
      "wide_spread": 1
    }
  },
  "ts_utc": "2026-04-23T16:29:27.701446+00:00"
}