{
  "mode": "infer",
  "rows": [
    {
      "components": {
        "adjustment": 0.012300000000000061,
        "best_ask": 0.995,
        "best_bid": 0.994,
        "bid_ask_pressure": 0.000500000000000056,
        "hours_to_end": 103.49449914444445,
        "last_trade": 0.995,
        "liquidity": 3026900.60497,
        "liquidity_score": 1.0,
        "micro_signal": 0.0050000000000000044,
        "quality_nudge": 0.0068,
        "spread_penalty": 0.03333333333333337,
        "tail_reversion": 0.0,
        "time_score": 0.85,
        "volume": 30062729.19288391,
        "volume_score": 1.0
      },
      "decision": "REJECT",
      "disagreement": 0.19400000000000006,
      "edge_abs": 0.0,
      "edge_vs_market": 0.0,
      "llm_confidence": 0.8059999999999999,
      "llm_rationale": "",
      "llm_used": false,
      "p_yes_market": 0.99,
      "p_yes_model": 0.99,
      "pricing_source": "mid",
      "question": "Will there be no change in Fed interest rates after the April 2026 meeting?",
      "reason": "min_edge_abs",
      "side": "NO",
      "slug": "will-there-be-no-change-in-fed-interest-rates-after-the-april-2026-meeting",
      "spread": 0.0010000000000000009
    },
    {
      "components": {
        "adjustment": 0.0002999999999999999,
        "best_ask": 0.003,
        "best_bid": 0.002,
        "bid_ask_pressure": 0.0005,
        "hours_to_end": 103.49437799722222,
        "last_trade": 0.003,
        "liquidity": 1282201.28156,
        "liquidity_score": 1.0,
        "micro_signal": -0.007,
        "quality_nudge": 0.0068000000000000005,
        "spread_penalty": 0.03333333333333333,
        "tail_reversion": 0.0,
        "time_score": 0.85,
        "volume": 27926580.890713032,
        "volume_score": 1.0
      },
      "decision": "REJECT",
      "disagreement": 0.19400000000000006,
      "edge_abs": 0.0002999999999999999,
      "edge_vs_market": 0.0002999999999999999,
      "llm_confidence": 0.8059999999999999,
      "llm_rationale": "",
      "llm_used": false,
      "p_yes_market": 0.01,
      "p_yes_model": 0.0103,
      "pricing_source": "mid",
      "question": "Will the Fed decrease interest rates by 25 bps after the April 2026 meeting?",
      "reason": "min_edge_abs",
      "side": "YES",
      "slug": "will-the-fed-decrease-interest-rates-by-25-bps-after-the-april-2026-meeting",
      "spread": 0.001
    },
    {
      "components": {
        "adjustment": 0.008359281616128408,
        "best_ask": 0.05,
        "best_bid": 0.04,
        "bid_ask_pressure": 0.0050000000000000044,
        "hours_to_end": 199.494285405,
        "last_trade": 0.05,
        "liquidity": 7394.8796,
        "liquidity_score": 0.073948796,
        "micro_signal": 0.0050000000000000044,
        "quality_nudge": -0.0016407183838716005,
        "spread_penalty": 0.3333333333333334,
        "tail_reversion": 0.0,
        "time_score": 0.7,
        "volume": 52905.36010699994,
        "volume_score": 0.021162144042799976
      },
      "decision": "REJECT",
      "disagreement": 0.7014851511922959,
      "edge_abs": 0.008359281616128408,
      "edge_vs_market": 0.008359281616128408,
      "llm_confidence": 0.298514848807704,
      "llm_rationale": "",
      "llm_used": false,
      "p_yes_market": 0.045,
      "p_yes_model": 0.05335928161612841,
      "pricing_source": "mid",
      "question": "Will Kim Kardashian pass the bar exam by May 3?",
      "reason": "max_disagree",
      "side": "YES",
      "slug": "will-kim-kardashian-pass-the-bar-exam-by-may-3",
      "spread": 0.010000000000000002
    },
    {
      "components": {
        "adjustment": 0.018684327203882408,
        "best_ask": 0.5,
        "best_bid": 0.48,
        "bid_ask_pressure": 0.01,
        "hours_to_end": 703.4942263530555,
        "last_trade": 0.5,
        "liquidity": 51318.173,
        "liquidity_score": 0.51318173,
        "micro_signal": 0.010000000000000009,
        "quality_nudge": -0.0013156727961176032,
        "spread_penalty": 0.6666666666666673,
        "tail_reversion": 0.0,
        "time_score": 0.7,
        "volume": 526333.5699020001,
        "volume_score": 0.21053342796080005
      },
      "decision": "REJECT",
      "disagreement": 0.6044130985670562,
      "edge_abs": 0.018684327203882356,
      "edge_vs_market": 0.018684327203882356,
      "llm_confidence": 0.39558690143294384,
      "llm_rationale": "",
      "llm_used": false,
      "p_yes_market": 0.49,
      "p_yes_model": 0.5086843272038823,
      "pricing_source": "mid",
      "question": "Will Aston Villa win the 2025-26 UEFA Europa League?",
      "reason": "max_disagree",
      "side": "YES",
      "slug": "will-aston-villa-win-the-2025-26-uefa-europa-league",
      "spread": 0.020000000000000018
    },
    {
      "components": {
        "adjustment": 0.0034413337001456016,
        "best_ask": 0.17,
        "best_bid": 0.168,
        "bid_ask_pressure": 0.0010000000000000009,
        "hours_to_end": 703.4941399702777,
        "last_trade": 0.17,
        "liquidity": 41388.94993,
        "liquidity_score": 0.4138894993,
        "micro_signal": 0.0010000000000000009,
        "quality_nudge": 0.0014413337001455996,
        "spread_penalty": 0.06666666666666674,
        "tail_reversion": 0.0,
        "time_score": 0.7,
        "volume": 154813.0857879999,
        "volume_score": 0.061925234315199966
      },
      "decision": "REJECT",
      "disagreement": 0.550964398019264,
      "edge_abs": 0.003441333700145599,
      "edge_vs_market": 0.003441333700145599,
      "llm_confidence": 0.449035601980736,
      "llm_rationale": "",
      "llm_used": false,
      "p_yes_market": 0.169,
      "p_yes_model": 0.1724413337001456,
      "pricing_source": "mid",
      "question": "Will Freiburg win the 2025-26 UEFA Europa League?",
      "reason": "max_disagree",
      "side": "YES",
      "slug": "will-freiburg-win-the-2025-26-uefa-europa-league",
      "spread": 0.0020000000000000018
    }
  ],
  "settings": {
    "batch": 5,
    "cooldown": 43,
    "max_disagree": 0.45,
    "min_edge_abs": 0.05,
    "min_edge_vs_market": 0.05,
    "paper_size": 100.0
  },
  "source": "polymarket",
  "summary": {
    "evaluated": 5,
    "passed": 0,
    "rejected": {
      "closed_market": 0,
      "fetch_failed": 0,
      "inactive_market": 0,
      "low_liquidity": 0,
      "low_volume": 0,
      "max_disagree": 3,
      "min_edge_abs": 2,
      "min_edge_vs_market": 0,
      "wide_spread": 0
    }
  },
  "ts_utc": "2026-04-24T16:30:21.096375+00:00"
}