{
  "mode": "infer",
  "rows": [
    {
      "components": {
        "adjustment": 0.006032211881768396,
        "best_ask": 0.013,
        "best_bid": 0.012,
        "bid_ask_pressure": 0.0004999999999999987,
        "hours_to_end": 6269.663759708612,
        "last_trade": 0.013,
        "liquidity": 117242.5855,
        "liquidity_score": 1.0,
        "micro_signal": 0.0004999999999999987,
        "quality_nudge": 0.005032211881768399,
        "spread_penalty": 0.033333333333333305,
        "tail_reversion": 0.0,
        "time_score": 0.4,
        "volume": 1026843.2348069982,
        "volume_score": 0.4107372939227993
      },
      "decision": "REJECT",
      "disagreement": 0.3540672870938961,
      "edge_abs": 0.006032211881768397,
      "edge_vs_market": 0.006032211881768397,
      "llm_confidence": 0.6459327129061039,
      "llm_rationale": "",
      "llm_used": false,
      "p_yes_market": 0.0125,
      "p_yes_model": 0.018532211881768398,
      "pricing_source": "mid",
      "question": "Will 5 Fed rate cuts happen in 2026?",
      "reason": "min_edge_abs",
      "side": "YES",
      "slug": "will-5-fed-rate-cuts-happen-in-2026",
      "spread": 0.0009999999999999992
    },
    {
      "components": {},
      "decision": "REJECT",
      "disagreement": 1.0,
      "edge_abs": 0.03500000000000003,
      "edge_vs_market": 0.0,
      "p_yes_market": 0.535,
      "p_yes_model": 0.535,
      "pricing_source": "mid",
      "question": "Ethereum flipped in 2026?",
      "reason": "wide_spread",
      "side": "YES",
      "slug": "eth-flipped-in-2026",
      "spread": 0.030000000000000027
    },
    {
      "components": {
        "adjustment": 0.015000000000000006,
        "best_ask": 0.43,
        "best_bid": 0.42,
        "bid_ask_pressure": 0.0050000000000000044,
        "hours_to_end": 1877.66368001,
        "last_trade": 0.43,
        "liquidity": 211369.4553,
        "liquidity_score": 1.0,
        "micro_signal": 0.0050000000000000044,
        "quality_nudge": 0.004999999999999998,
        "spread_penalty": 0.33333333333333365,
        "tail_reversion": 0.0,
        "time_score": 0.55,
        "volume": 6641381.897469989,
        "volume_score": 1.0
      },
      "decision": "REJECT",
      "disagreement": 0.28400000000000003,
      "edge_abs": 0.015000000000000013,
      "edge_vs_market": 0.015000000000000013,
      "llm_confidence": 0.716,
      "llm_rationale": "",
      "llm_used": false,
      "p_yes_market": 0.425,
      "p_yes_model": 0.44,
      "pricing_source": "mid",
      "question": "Will the Oklahoma City Thunder win the 2026 NBA Finals?",
      "reason": "min_edge_abs",
      "side": "YES",
      "slug": "will-the-oklahoma-city-thunder-win-the-2026-nba-finals",
      "spread": 0.010000000000000009
    }
  ],
  "settings": {
    "batch": 5,
    "cooldown": 43,
    "max_disagree": 0.45,
    "min_edge_abs": 0.05,
    "min_edge_vs_market": 0.05,
    "paper_size": 100.0
  },
  "source": "polymarket",
  "summary": {
    "evaluated": 3,
    "passed": 0,
    "rejected": {
      "closed_market": 0,
      "fetch_failed": 0,
      "inactive_market": 0,
      "low_liquidity": 0,
      "low_volume": 0,
      "max_disagree": 0,
      "min_edge_abs": 2,
      "min_edge_vs_market": 0,
      "wide_spread": 1
    }
  },
  "ts_utc": "2026-04-13T18:20:10.752135+00:00"
}