{
  "mode": "infer",
  "rows": [
    {
      "components": {
        "adjustment": 0.026563045021981216,
        "best_ask": 0.88,
        "best_bid": 0.86,
        "bid_ask_pressure": 0.01,
        "hours_to_end": 5531.396229980556,
        "last_trade": 0.89,
        "liquidity": 13132.5721,
        "liquidity_score": 0.131325721,
        "micro_signal": 0.020000000000000018,
        "quality_nudge": -0.003436954978018804,
        "spread_penalty": 0.6666666666666673,
        "tail_reversion": 0.0,
        "time_score": 0.4,
        "volume": 31451.781650999987,
        "volume_score": 0.012580712660399994
      },
      "decision": "REJECT",
      "disagreement": 0.7829642698411281,
      "edge_abs": 0.026563045021981257,
      "edge_vs_market": 0.026563045021981257,
      "llm_confidence": 0.2170357301588719,
      "llm_rationale": "",
      "llm_used": false,
      "p_yes_market": 0.87,
      "p_yes_model": 0.8965630450219813,
      "pricing_source": "mid",
      "question": "Blue wave in 2026?",
      "reason": "max_disagree",
      "side": "YES",
      "slug": "blue-wave-in-2026",
      "spread": 0.020000000000000018
    },
    {
      "components": {
        "adjustment": 0.011946173319918405,
        "best_ask": 0.33,
        "best_bid": 0.32,
        "bid_ask_pressure": 0.0050000000000000044,
        "hours_to_end": 7019.396199461667,
        "last_trade": 0.33,
        "liquidity": 60116.7788,
        "liquidity_score": 0.601167788,
        "micro_signal": 0.0050000000000000044,
        "quality_nudge": 0.0019461733199183954,
        "spread_penalty": 0.33333333333333365,
        "tail_reversion": 0.0,
        "time_score": 0.4,
        "volume": 1284585.1399319977,
        "volume_score": 0.5138340559727991
      },
      "decision": "REJECT",
      "disagreement": 0.5011828892848962,
      "edge_abs": 0.01194617331991843,
      "edge_vs_market": 0.01194617331991843,
      "llm_confidence": 0.4988171107151038,
      "llm_rationale": "",
      "llm_used": false,
      "p_yes_market": 0.325,
      "p_yes_model": 0.33694617331991844,
      "pricing_source": "mid",
      "question": "US recession by end of 2026?",
      "reason": "max_disagree",
      "side": "YES",
      "slug": "us-recession-by-end-of-2026",
      "spread": 0.010000000000000009
    },
    {
      "components": {
        "adjustment": -0.011098917647490405,
        "best_ask": 0.15,
        "best_bid": 0.14,
        "bid_ask_pressure": -0.0050000000000000044,
        "hours_to_end": 6275.3961433375,
        "last_trade": 0.14,
        "liquidity": 19530.6881,
        "liquidity_score": 0.195306881,
        "micro_signal": -0.0050000000000000044,
        "quality_nudge": -0.0010989176474903962,
        "spread_penalty": 0.3333333333333327,
        "tail_reversion": 0.0,
        "time_score": 0.4,
        "volume": 99879.02375800002,
        "volume_score": 0.03995160950320001
      },
      "decision": "REJECT",
      "disagreement": 0.7001227836094239,
      "edge_abs": 0.011098917647490408,
      "edge_vs_market": -0.011098917647490408,
      "llm_confidence": 0.2998772163905761,
      "llm_rationale": "",
      "llm_used": false,
      "p_yes_market": 0.14500000000000002,
      "p_yes_model": 0.1339010823525096,
      "pricing_source": "mid",
      "question": "Fed emergency rate cut before 2027?",
      "reason": "max_disagree",
      "side": "NO",
      "slug": "fed-emergency-rate-cut-before-2027",
      "spread": 0.009999999999999981
    },
    {
      "components": {
        "adjustment": 0.0062568682708,
        "best_ask": 0.438,
        "best_bid": 0.435,
        "bid_ask_pressure": 0.0005000000000000004,
        "hours_to_end": 6275.396082827499,
        "last_trade": 0.437,
        "liquidity": 71421.70677,
        "liquidity_score": 0.7142170677,
        "micro_signal": 0.0005000000000000004,
        "quality_nudge": 0.005256868270799999,
        "spread_penalty": 0.10000000000000009,
        "tail_reversion": 0.0,
        "time_score": 0.4,
        "volume": 3129394.783181011,
        "volume_score": 1.0
      },
      "decision": "REJECT",
      "disagreement": 0.34001922104399995,
      "edge_abs": 0.00625686827080002,
      "edge_vs_market": 0.00625686827080002,
      "llm_confidence": 0.659980778956,
      "llm_rationale": "",
      "llm_used": false,
      "p_yes_market": 0.4365,
      "p_yes_model": 0.4427568682708,
      "pricing_source": "mid",
      "question": "Will no Fed rate cuts happen in 2026?",
      "reason": "min_edge_abs",
      "side": "YES",
      "slug": "will-no-fed-rate-cuts-happen-in-2026",
      "spread": 0.0030000000000000027
    },
    {
      "components": {
        "adjustment": -0.007476367288928807,
        "best_ask": 0.26,
        "best_bid": 0.25,
        "bid_ask_pressure": -0.0050000000000000044,
        "hours_to_end": 6275.396029387778,
        "last_trade": 0.25,
        "liquidity": 82298.6741,
        "liquidity_score": 0.822986741,
        "micro_signal": -0.0050000000000000044,
        "quality_nudge": 0.0025236327110712015,
        "spread_penalty": 0.33333333333333365,
        "tail_reversion": 0.0,
        "time_score": 0.4,
        "volume": 1026404.7892260026,
        "volume_score": 0.41056191569040107
      },
      "decision": "REJECT",
      "disagreement": 0.4576625676957278,
      "edge_abs": 0.007476367288928809,
      "edge_vs_market": -0.007476367288928809,
      "llm_confidence": 0.5423374323042722,
      "llm_rationale": "",
      "llm_used": false,
      "p_yes_market": 0.255,
      "p_yes_model": 0.2475236327110712,
      "pricing_source": "mid",
      "question": "Will 1 Fed rate cut happen in 2026?",
      "reason": "max_disagree",
      "side": "NO",
      "slug": "will-1-fed-rate-cut-happen-in-2026",
      "spread": 0.010000000000000009
    }
  ],
  "settings": {
    "batch": 5,
    "cooldown": 43,
    "max_disagree": 0.45,
    "min_edge_abs": 0.05,
    "min_edge_vs_market": 0.05,
    "paper_size": 100.0
  },
  "source": "polymarket",
  "summary": {
    "evaluated": 5,
    "passed": 0,
    "rejected": {
      "closed_market": 0,
      "fetch_failed": 0,
      "inactive_market": 0,
      "low_liquidity": 0,
      "low_volume": 0,
      "max_disagree": 4,
      "min_edge_abs": 1,
      "min_edge_vs_market": 0,
      "wide_spread": 0
    }
  },
  "ts_utc": "2026-04-13T12:36:14.294344+00:00"
}